0,1,0,312,322,326,359,356,360,359,399,400,396,391,439,440,431,424,409,133,191,223,175,136,210,231,179,134,202,226,188,154,200,219,326,"[-0.059900593012571335, -0.08644556254148483, -0.0967041477560997, -0.0018274367321282625, -0.06043022871017456, -0.071656733751297, -0.06537830084562302, -0.009942821227014065, -0.07148332893848419, -0.05267445743083954, -0.023646486923098564, -0.02227325551211834, -0.05715695023536682, -0.039511051028966904, -0.016837559640407562, -9.582764732840587e-07]"
0,1,1,322,326,359,356,360,359,399,400,396,391,439,440,431,424,409,338,191,223,175,136,210,231,179,134,202,226,188,154,200,219,326,311,"[-0.08644556254148483, -0.0967041477560997, -0.0018274367321282625, -0.06043022871017456, -0.071656733751297, -0.06537830084562302, -0.009942821227014065, -0.07148332893848419, -0.05267445743083954, -0.023646486923098564, -0.02227325551211834, -0.05715695023536682, -0.039511051028966904, -0.016837559640407562, -9.582764732840587e-07, -0.0515558198094368]"
0,1,2,326,359,356,360,359,399,400,396,391,439,440,431,424,409,338,272,223,175,136,210,231,179,134,202,226,188,154,200,219,326,311,248,"[-0.0967041477560997, -0.0018274367321282625, -0.06043022871017456, -0.071656733751297, -0.06537830084562302, -0.009942821227014065, -0.07148332893848419, -0.05267445743083954, -0.023646486923098564, -0.02227325551211834, -0.05715695023536682, -0.039511051028966904, -0.016837559640407562, -9.582764732840587e-07, -0.0515558198094368, -0.06891918927431107]"
0,1,3,359,356,360,359,399,400,396,391,439,440,431,424,409,338,272,228,175,136,210,231,179,134,202,226,188,154,200,219,326,311,248,192,"[-0.0018274367321282625, -0.06043022871017456, -0.071656733751297, -0.06537830084562302, -0.009942821227014065, -0.07148332893848419, -0.05267445743083954, -0.023646486923098564, -0.02227325551211834, -0.05715695023536682, -0.039511051028966904, -0.016837559640407562, -9.582764732840587e-07, -0.0515558198094368, -0.06891918927431107, -0.08446089923381805]"
0,1,4,356,360,359,399,400,396,391,439,440,431,424,409,338,272,228,188,136,210,231,179,134,202,226,188,154,200,219,326,311,248,192,163,"[-0.06043022871017456, -0.071656733751297, -0.06537830084562302, -0.009942821227014065, -0.07148332893848419, -0.05267445743083954, -0.023646486923098564, -0.02227325551211834, -0.05715695023536682, -0.039511051028966904, -0.016837559640407562, -9.582764732840587e-07, -0.0515558198094368, -0.06891918927431107, -0.08446089923381805, -0.08937064558267593]"
0,1,5,360,359,399,400,396,391,439,440,431,424,409,338,272,228,188,313,210,231,179,134,202,226,188,154,200,219,326,311,248,192,163,181,"[-0.071656733751297, -0.06537830084562302, -0.009942821227014065, -0.07148332893848419, -0.05267445743083954, -0.023646486923098564, -0.02227325551211834, -0.05715695023536682, -0.039511051028966904, -0.016837559640407562, -9.582764732840587e-07, -0.0515558198094368, -0.06891918927431107, -0.08446089923381805, -0.08937064558267593, -0.0053569357842206955]"
0,1,6,359,399,400,396,391,439,440,431,424,409,338,272,228,188,313,311,231,179,134,202,226,188,154,200,219,326,311,248,192,163,181,132,"[-0.06537830084562302, -0.009942821227014065, -0.07148332893848419, -0.05267445743083954, -0.023646486923098564, -0.02227325551211834, -0.05715695023536682, -0.039511051028966904, -0.016837559640407562, -9.582764732840587e-07, -0.0515558198094368, -0.06891918927431107, -0.08446089923381805, -0.08937064558267593, -0.0053569357842206955, -0.05919039249420166]"
0,1,7,399,400,396,391,439,440,431,424,409,338,272,228,188,313,311,321,179,134,202,226,188,154,200,219,326,311,248,192,163,181,132,190,"[-0.009942821227014065, -0.07148332893848419, -0.05267445743083954, -0.023646486923098564, -0.02227325551211834, -0.05715695023536682, -0.039511051028966904, -0.016837559640407562, -9.582764732840587e-07, -0.0515558198094368, -0.06891918927431107, -0.08446089923381805, -0.08937064558267593, -0.0053569357842206955, -0.05919039249420166, -0.08568884432315826]"
0,1,8,400,396,391,439,440,431,424,409,338,272,228,188,313,311,321,326,134,202,226,188,154,200,219,326,311,248,192,163,181,132,190,223,"[-0.07148332893848419, -0.05267445743083954, -0.023646486923098564, -0.02227325551211834, -0.05715695023536682, -0.039511051028966904, -0.016837559640407562, -9.582764732840587e-07, -0.0515558198094368, -0.06891918927431107, -0.08446089923381805, -0.08937064558267593, -0.0053569357842206955, -0.05919039249420166, -0.08568884432315826, -0.0958944782614708]"
0,1,9,396,391,439,440,431,424,409,338,272,228,188,313,311,321,326,358,202,226,188,154,200,219,326,311,248,192,163,181,132,190,223,175,"[-0.05267445743083954, -0.023646486923098564, -0.02227325551211834, -0.05715695023536682, -0.039511051028966904, -0.016837559640407562, -9.582764732840587e-07, -0.0515558198094368, -0.06891918927431107, -0.08446089923381805, -0.08937064558267593, -0.0053569357842206955, -0.05919039249420166, -0.08568884432315826, -0.0958944782614708, -0.0012577490415424109]"
0,1,10,391,439,440,431,424,409,338,272,228,188,313,311,321,326,358,355,226,188,154,200,219,326,311,248,192,163,181,132,190,223,175,136,"[-0.023646486923098564, -0.02227325551211834, -0.05715695023536682, -0.039511051028966904, -0.016837559640407562, -9.582764732840587e-07, -0.0515558198094368, -0.06891918927431107, -0.08446089923381805, -0.08937064558267593, -0.0053569357842206955, -0.05919039249420166, -0.08568884432315826, -0.0958944782614708, -0.0012577490415424109, -0.05998047813773155]"
0,1,11,439,440,431,424,409,338,272,228,188,313,311,321,326,358,355,359,188,154,200,219,326,311,248,192,163,181,132,190,223,175,136,209,"[-0.02227325551211834, -0.05715695023536682, -0.039511051028966904, -0.016837559640407562, -9.582764732840587e-07, -0.0515558198094368, -0.06891918927431107, -0.08446089923381805, -0.08937064558267593, -0.0053569357842206955, -0.05919039249420166, -0.08568884432315826, -0.0958944782614708, -0.0012577490415424109, -0.05998047813773155, -0.07147984206676483]"
0,1,12,440,431,424,409,338,272,228,188,313,311,321,326,358,355,359,358,154,200,219,326,311,248,192,163,181,132,190,223,175,136,209,231,"[-0.05715695023536682, -0.039511051028966904, -0.016837559640407562, -9.582764732840587e-07, -0.0515558198094368, -0.06891918927431107, -0.08446089923381805, -0.08937064558267593, -0.0053569357842206955, -0.05919039249420166, -0.08568884432315826, -0.0958944782614708, -0.0012577490415424109, -0.05998047813773155, -0.07147984206676483, -0.06525567919015884]"
0,1,13,431,424,409,338,272,228,188,313,311,321,326,358,355,359,358,399,200,219,326,311,248,192,163,181,132,190,223,175,136,209,231,178,"[-0.039511051028966904, -0.016837559640407562, -9.582764732840587e-07, -0.0515558198094368, -0.06891918927431107, -0.08446089923381805, -0.08937064558267593, -0.0053569357842206955, -0.05919039249420166, -0.08568884432315826, -0.0958944782614708, -0.0012577490415424109, -0.05998047813773155, -0.07147984206676483, -0.06525567919015884, -0.009334650821983814]"
0,1,14,424,409,338,272,228,188,313,311,321,326,358,355,359,358,399,399,219,326,311,248,192,163,181,132,190,223,175,136,209,231,178,134,"[-0.016837559640407562, -9.582764732840587e-07, -0.0515558198094368, -0.06891918927431107, -0.08446089923381805, -0.08937064558267593, -0.0053569357842206955, -0.05919039249420166, -0.08568884432315826, -0.0958944782614708, -0.0012577490415424109, -0.05998047813773155, -0.07147984206676483, -0.06525567919015884, -0.009334650821983814, -0.0709274634718895]"
0,1,15,409,338,272,228,188,313,311,321,326,358,355,359,358,399,399,395,326,311,248,192,163,181,132,190,223,175,136,209,231,178,134,202,"[-9.582764732840587e-07, -0.0515558198094368, -0.06891918927431107, -0.08446089923381805, -0.08937064558267593, -0.0053569357842206955, -0.05919039249420166, -0.08568884432315826, -0.0958944782614708, -0.0012577490415424109, -0.05998047813773155, -0.07147984206676483, -0.06525567919015884, -0.009334650821983814, -0.0709274634718895, -0.05230051279067993]"
0,1,16,338,272,228,188,313,311,321,326,358,355,359,358,399,399,395,391,311,248,192,163,181,132,190,223,175,136,209,231,178,134,202,226,"[-0.0515558198094368, -0.06891918927431107, -0.08446089923381805, -0.08937064558267593, -0.0053569357842206955, -0.05919039249420166, -0.08568884432315826, -0.0958944782614708, -0.0012577490415424109, -0.05998047813773155, -0.07147984206676483, -0.06525567919015884, -0.009334650821983814, -0.0709274634718895, -0.05230051279067993, -0.023263907060027122]"
0,1,17,272,228,188,313,311,321,326,358,355,359,358,399,399,395,391,438,248,192,163,181,132,190,223,175,136,209,231,178,134,202,226,188,"[-0.06891918927431107, -0.08446089923381805, -0.08937064558267593, -0.0053569357842206955, -0.05919039249420166, -0.08568884432315826, -0.0958944782614708, -0.0012577490415424109, -0.05998047813773155, -0.07147984206676483, -0.06525567919015884, -0.009334650821983814, -0.0709274634718895, -0.05230051279067993, -0.023263907060027122, -0.021657083183526993]"
0,1,18,228,188,313,311,321,326,358,355,359,358,399,399,395,391,438,439,192,163,181,132,190,223,175,136,209,231,178,134,202,226,188,154,"[-0.08446089923381805, -0.08937064558267593, -0.0053569357842206955, -0.05919039249420166, -0.08568884432315826, -0.0958944782614708, -0.0012577490415424109, -0.05998047813773155, -0.07147984206676483, -0.06525567919015884, -0.009334650821983814, -0.0709274634718895, -0.05230051279067993, -0.023263907060027122, -0.021657083183526993, -0.05655544251203537]"
0,1,19,188,313,311,321,326,358,355,359,358,399,399,395,391,438,439,430,163,181,132,190,223,175,136,209,231,178,134,202,226,188,154,200,"[-0.08937064558267593, -0.0053569357842206955, -0.05919039249420166, -0.08568884432315826, -0.0958944782614708, -0.0012577490415424109, -0.05998047813773155, -0.07147984206676483, -0.06525567919015884, -0.009334650821983814, -0.0709274634718895, -0.05230051279067993, -0.023263907060027122, -0.021657083183526993, -0.05655544251203537, -0.03894270211458206]"
0,1,20,313,311,321,326,358,355,359,358,399,399,395,391,438,439,430,423,181,132,190,223,175,136,209,231,178,134,202,226,188,154,200,218,"[-0.0053569357842206955, -0.05919039249420166, -0.08568884432315826, -0.0958944782614708, -0.0012577490415424109, -0.05998047813773155, -0.07147984206676483, -0.06525567919015884, -0.009334650821983814, -0.0709274634718895, -0.05230051279067993, -0.023263907060027122, -0.021657083183526993, -0.05655544251203537, -0.03894270211458206, -0.01620142161846161]"
0,1,0,316,325,330,363,360,363,363,403,403,398,394,441,443,433,424,411,127,184,217,169,130,202,225,173,128,194,220,183,149,193,213,320,"[-0.055955808609724045, -0.08096764981746674, -0.0906803086400032, -0.0013475343585014343, -0.05801540985703468, -0.06922531127929688, -0.06334005296230316, -0.009210288524627686, -0.06773071736097336, -0.048975054174661636, -0.020633192732930183, -0.02123875543475151, -0.05448397248983383, -0.036989979445934296, -0.014799423515796661, -9.299768066739489e-07]"
0,1,1,325,330,363,360,363,363,403,403,398,394,441,443,433,424,411,341,184,217,169,130,202,225,173,128,194,220,183,149,193,213,320,303,"[-0.08096764981746674, -0.0906803086400032, -0.0013475343585014343, -0.05801540985703468, -0.06922531127929688, -0.06334005296230316, -0.009210288524627686, -0.06773071736097336, -0.048975054174661636, -0.020633192732930183, -0.02123875543475151, -0.05448397248983383, -0.036989979445934296, -0.014799423515796661, -9.299768066739489e-07, -0.0490751713514328]"
0,1,2,330,363,360,363,363,403,403,398,394,441,443,433,424,411,341,277,217,169,130,202,225,173,128,194,220,183,149,193,213,320,303,240,"[-0.0906803086400032, -0.0013475343585014343, -0.05801540985703468, -0.06922531127929688, -0.06334005296230316, -0.009210288524627686, -0.06773071736097336, -0.048975054174661636, -0.020633192732930183, -0.02123875543475151, -0.05448397248983383, -0.036989979445934296, -0.014799423515796661, -9.299768066739489e-07, -0.0490751713514328, -0.06595833599567413]"
0,1,3,363,360,363,363,403,403,398,394,441,443,433,424,411,341,277,235,169,130,202,225,173,128,194,220,183,149,193,213,320,303,240,186,"[-0.0013475343585014343, -0.05801540985703468, -0.06922531127929688, -0.06334005296230316, -0.009210288524627686, -0.06773071736097336, -0.048975054174661636, -0.020633192732930183, -0.02123875543475151, -0.05448397248983383, -0.036989979445934296, -0.014799423515796661, -9.299768066739489e-07, -0.0490751713514328, -0.06595833599567413, -0.08164352178573608]"
0,1,4,360,363,363,403,403,398,394,441,443,433,424,411,341,277,235,196,130,202,225,173,128,194,220,183,149,193,213,320,303,240,186,157,"[-0.05801540985703468, -0.06922531127929688, -0.06334005296230316, -0.009210288524627686, -0.06773071736097336, -0.048975054174661636, -0.020633192732930183, -0.02123875543475151, -0.05448397248983383, -0.036989979445934296, -0.014799423515796661, -9.299768066739489e-07, -0.0490751713514328, -0.06595833599567413, -0.08164352178573608, -0.08693621307611465]"
0,1,5,363,363,403,403,398,394,441,443,433,424,411,341,277,235,196,320,202,225,173,128,194,220,183,149,193,213,320,303,240,186,157,175,"[-0.06922531127929688, -0.06334005296230316, -0.009210288524627686, -0.06773071736097336, -0.048975054174661636, -0.020633192732930183, -0.02123875543475151, -0.05448397248983383, -0.036989979445934296, -0.014799423515796661, -9.299768066739489e-07, -0.0490751713514328, -0.06595833599567413, -0.08164352178573608, -0.08693621307611465, -0.003551924368366599]"
0,1,6,363,403,403,398,394,441,443,433,424,411,341,277,235,196,320,317,225,173,128,194,220,183,149,193,213,320,303,240,186,157,175,127,"[-0.06334005296230316, -0.009210288524627686, -0.06773071736097336, -0.048975054174661636, -0.020633192732930183, -0.02123875543475151, -0.05448397248983383, -0.036989979445934296, -0.014799423515796661, -9.299768066739489e-07, -0.0490751713514328, -0.06595833599567413, -0.08164352178573608, -0.08693621307611465, -0.003551924368366599, -0.05490195378661156]"
0,1,7,403,403,398,394,441,443,433,424,411,341,277,235,196,320,317,326,173,128,194,220,183,149,193,213,320,303,240,186,157,175,127,184,"[-0.009210288524627686, -0.06773071736097336, -0.048975054174661636, -0.020633192732930183, -0.02123875543475151, -0.05448397248983383, -0.036989979445934296, -0.014799423515796661, -9.299768066739489e-07, -0.0490751713514328, -0.06595833599567413, -0.08164352178573608, -0.08693621307611465, -0.003551924368366599, -0.05490195378661156, -0.08042881637811661]"
0,1,8,403,398,394,441,443,433,424,411,341,277,235,196,320,317,326,331,128,194,220,183,149,193,213,320,303,240,186,157,175,127,184,216,"[-0.06773071736097336, -0.048975054174661636, -0.020633192732930183, -0.02123875543475151, -0.05448397248983383, -0.036989979445934296, -0.014799423515796661, -9.299768066739489e-07, -0.0490751713514328, -0.06595833599567413, -0.08164352178573608, -0.08693621307611465, -0.003551924368366599, -0.05490195378661156, -0.08042881637811661, -0.09034006297588348]"
0,1,9,398,394,441,443,433,424,411,341,277,235,196,320,317,326,331,364,194,220,183,149,193,213,320,303,240,186,157,175,127,184,216,169,"[-0.048975054174661636, -0.020633192732930183, -0.02123875543475151, -0.05448397248983383, -0.036989979445934296, -0.014799423515796661, -9.299768066739489e-07, -0.0490751713514328, -0.06595833599567413, -0.08164352178573608, -0.08693621307611465, -0.003551924368366599, -0.05490195378661156, -0.08042881637811661, -0.09034006297588348, -0.00013630064495373517]"
0,1,10,394,441,443,433,424,411,341,277,235,196,320,317,326,331,364,360,220,183,149,193,213,320,303,240,186,157,175,127,184,216,169,129,"[-0.020633192732930183, -0.02123875543475151, -0.05448397248983383, -0.036989979445934296, -0.014799423515796661, -9.299768066739489e-07, -0.0490751713514328, -0.06595833599567413, -0.08164352178573608, -0.08693621307611465, -0.003551924368366599, -0.05490195378661156, -0.08042881637811661, -0.09034006297588348, -0.00013630064495373517, -0.05731848627328873]"
0,1,11,441,443,433,424,411,341,277,235,196,320,317,326,331,364,360,364,183,149,193,213,320,303,240,186,157,175,127,184,216,169,129,202,"[-0.02123875543475151, -0.05448397248983383, -0.036989979445934296, -0.014799423515796661, -9.299768066739489e-07, -0.0490751713514328, -0.06595833599567413, -0.08164352178573608, -0.08693621307611465, -0.003551924368366599, -0.05490195378661156, -0.08042881637811661, -0.09034006297588348, -0.00013630064495373517, -0.05731848627328873, -0.06898535043001175]"
0,1,12,443,433,424,411,341,277,235,196,320,317,326,331,364,360,364,364,149,193,213,320,303,240,186,157,175,127,184,216,169,129,202,225,"[-0.05448397248983383, -0.036989979445934296, -0.014799423515796661, -9.299768066739489e-07, -0.0490751713514328, -0.06595833599567413, -0.08164352178573608, -0.08693621307611465, -0.003551924368366599, -0.05490195378661156, -0.08042881637811661, -0.09034006297588348, -0.00013630064495373517, -0.05731848627328873, -0.06898535043001175, -0.06314679235219955]"
0,1,13,433,424,411,341,277,235,196,320,317,326,331,364,360,364,364,404,193,213,320,303,240,186,157,175,127,184,216,169,129,202,225,173,"[-0.036989979445934296, -0.014799423515796661, -9.299768066739489e-07, -0.0490751713514328, -0.06595833599567413, -0.08164352178573608, -0.08693621307611465, -0.003551924368366599, -0.05490195378661156, -0.08042881637811661, -0.09034006297588348, -0.00013630064495373517, -0.05731848627328873, -0.06898535043001175, -0.06314679235219955, -0.00831400416791439]"
0,1,14,424,411,341,277,235,196,320,317,326,331,364,360,364,364,404,404,213,320,303,240,186,157,175,127,184,216,169,129,202,225,173,128,"[-0.014799423515796661, -9.299768066739489e-07, -0.0490751713514328, -0.06595833599567413, -0.08164352178573608, -0.08693621307611465, -0.003551924368366599, -0.05490195378661156, -0.08042881637811661, -0.09034006297588348, -0.00013630064495373517, -0.05731848627328873, -0.06898535043001175, -0.06314679235219955, -0.00831400416791439, -0.0671556368470192]"
0,1,15,411,341,277,235,196,320,317,326,331,364,360,364,364,404,404,399,320,303,240,186,157,175,127,184,216,169,129,202,225,173,128,194,"[-9.299768066739489e-07, -0.0490751713514328, -0.06595833599567413, -0.08164352178573608, -0.08693621307611465, -0.003551924368366599, -0.05490195378661156, -0.08042881637811661, -0.09034006297588348, -0.00013630064495373517, -0.05731848627328873, -0.06898535043001175, -0.06314679235219955, -0.00831400416791439, -0.0671556368470192, -0.04866958037018776]"
0,1,16,341,277,235,196,320,317,326,331,364,360,364,364,404,404,399,394,303,240,186,157,175,127,184,216,169,129,202,225,173,128,194,219,"[-0.0490751713514328, -0.06595833599567413, -0.08164352178573608, -0.08693621307611465, -0.003551924368366599, -0.05490195378661156, -0.08042881637811661, -0.09034006297588348, -0.00013630064495373517, -0.05731848627328873, -0.06898535043001175, -0.06314679235219955, -0.00831400416791439, -0.0671556368470192, -0.04866958037018776, -0.020246800035238266]"
0,1,17,277,235,196,320,317,326,331,364,360,364,364,404,404,399,394,441,240,186,157,175,127,184,216,169,129,202,225,173,128,194,219,183,"[-0.06595833599567413, -0.08164352178573608, -0.08693621307611465, -0.003551924368366599, -0.05490195378661156, -0.08042881637811661, -0.09034006297588348, -0.00013630064495373517, -0.05731848627328873, -0.06898535043001175, -0.06314679235219955, -0.00831400416791439, -0.0671556368470192, -0.04866958037018776, -0.020246800035238266, -0.020642874762415886]"
0,1,18,235,196,320,317,326,331,364,360,364,364,404,404,399,394,441,443,186,157,175,127,184,216,169,129,202,225,173,128,194,219,183,149,"[-0.08164352178573608, -0.08693621307611465, -0.003551924368366599, -0.05490195378661156, -0.08042881637811661, -0.09034006297588348, -0.00013630064495373517, -0.05731848627328873, -0.06898535043001175, -0.06314679235219955, -0.00831400416791439, -0.0671556368470192, -0.04866958037018776, -0.020246800035238266, -0.020642874762415886, -0.053649336099624634]"
0,1,19,196,320,317,326,331,364,360,364,364,404,404,399,394,441,443,433,157,175,127,184,216,169,129,202,225,173,128,194,219,183,149,192,"[-0.08693621307611465, -0.003551924368366599, -0.05490195378661156, -0.08042881637811661, -0.09034006297588348, -0.00013630064495373517, -0.05731848627328873, -0.06898535043001175, -0.06314679235219955, -0.00831400416791439, -0.0671556368470192, -0.04866958037018776, -0.020246800035238266, -0.020642874762415886, -0.053649336099624634, -0.03597959503531456]"
0,1,20,320,317,326,331,364,360,364,364,404,404,399,394,441,443,433,425,175,127,184,216,169,129,202,225,173,128,194,219,183,149,192,212,"[-0.003551924368366599, -0.05490195378661156, -0.08042881637811661, -0.09034006297588348, -0.00013630064495373517, -0.05731848627328873, -0.06898535043001175, -0.06314679235219955, -0.00831400416791439, -0.0671556368470192, -0.04866958037018776, -0.020246800035238266, -0.020642874762415886, -0.053649336099624634, -0.03597959503531456, -0.013573446311056614]"
0,1,0,320,329,333,366,364,366,366,405,407,402,397,443,446,436,427,413,117,173,205,159,119,191,214,163,118,184,209,173,139,182,202,309,"[-0.0524364709854126, -0.07789269089698792, -0.0879177451133728, 0.0015949916560202837, -0.05513447895646095, -0.06757606565952301, -0.06233293563127518, -0.006166160572320223, -0.06481248885393143, -0.047399479895830154, -0.019609490409493446, -0.01793980598449707, -0.0508289597928524, -0.03368241339921951, -0.011640017852187157, -9.172510431199044e-07]"
0,1,1,329,333,366,364,366,366,405,407,402,397,443,446,436,427,413,344,173,205,159,119,191,214,163,118,184,209,173,139,182,202,309,291,"[-0.07789269089698792, -0.0879177451133728, 0.0015949916560202837, -0.05513447895646095, -0.06757606565952301, -0.06233293563127518, -0.006166160572320223, -0.06481248885393143, -0.047399479895830154, -0.019609490409493446, -0.01793980598449707, -0.0508289597928524, -0.03368241339921951, -0.011640017852187157, -9.172510431199044e-07, -0.0488775297999382]"
0,1,2,333,366,364,366,366,405,407,402,397,443,446,436,427,413,344,280,205,159,119,191,214,163,118,184,209,173,139,182,202,309,291,229,"[-0.0879177451133728, 0.0015949916560202837, -0.05513447895646095, -0.06757606565952301, -0.06233293563127518, -0.006166160572320223, -0.06481248885393143, -0.047399479895830154, -0.019609490409493446, -0.01793980598449707, -0.0508289597928524, -0.03368241339921951, -0.011640017852187157, -9.172510431199044e-07, -0.0488775297999382, -0.06570658087730408]"
0,1,3,366,364,366,366,405,407,402,397,443,446,436,427,413,344,280,239,159,119,191,214,163,118,184,209,173,139,182,202,309,291,229,175,"[0.0015949916560202837, -0.05513447895646095, -0.06757606565952301, -0.06233293563127518, -0.006166160572320223, -0.06481248885393143, -0.047399479895830154, -0.019609490409493446, -0.01793980598449707, -0.0508289597928524, -0.03368241339921951, -0.011640017852187157, -9.172510431199044e-07, -0.0488775297999382, -0.06570658087730408, -0.08124038577079773]"
0,1,4,364,366,366,405,407,402,397,443,446,436,427,413,344,280,239,201,119,191,214,163,118,184,209,173,139,182,202,309,291,229,175,145,"[-0.05513447895646095, -0.06757606565952301, -0.06233293563127518, -0.006166160572320223, -0.06481248885393143, -0.047399479895830154, -0.019609490409493446, -0.01793980598449707, -0.0508289597928524, -0.03368241339921951, -0.011640017852187157, -9.172510431199044e-07, -0.0488775297999382, -0.06570658087730408, -0.08124038577079773, -0.0864977017045021]"
0,1,5,366,366,405,407,402,397,443,446,436,427,413,344,280,239,201,323,191,214,163,118,184,209,173,139,182,202,309,291,229,175,145,165,"[-0.06757606565952301, -0.06233293563127518, -0.006166160572320223, -0.06481248885393143, -0.047399479895830154, -0.019609490409493446, -0.01793980598449707, -0.0508289597928524, -0.03368241339921951, -0.011640017852187157, -9.172510431199044e-07, -0.0488775297999382, -0.06570658087730408, -0.08124038577079773, -0.0864977017045021, -0.002977279480546713]"
0,1,6,366,405,407,402,397,443,446,436,427,413,344,280,239,201,323,321,214,163,118,184,209,173,139,182,202,309,291,229,175,145,165,116,"[-0.06233293563127518, -0.006166160572320223, -0.06481248885393143, -0.047399479895830154, -0.019609490409493446, -0.01793980598449707, -0.0508289597928524, -0.03368241339921951, -0.011640017852187157, -9.172510431199044e-07, -0.0488775297999382, -0.06570658087730408, -0.08124038577079773, -0.0864977017045021, -0.002977279480546713, -0.05369208753108978]"
0,1,7,405,407,402,397,443,446,436,427,413,344,280,239,201,323,321,330,163,118,184,209,173,139,182,202,309,291,229,175,145,165,116,173,"[-0.006166160572320223, -0.06481248885393143, -0.047399479895830154, -0.019609490409493446, -0.01793980598449707, -0.0508289597928524, -0.03368241339921951, -0.011640017852187157, -9.172510431199044e-07, -0.0488775297999382, -0.06570658087730408, -0.08124038577079773, -0.0864977017045021, -0.002977279480546713, -0.05369208753108978, -0.07903861999511719]"
0,1,8,407,402,397,443,446,436,427,413,344,280,239,201,323,321,330,334,118,184,209,173,139,182,202,309,291,229,175,145,165,116,173,205,"[-0.06481248885393143, -0.047399479895830154, -0.019609490409493446, -0.01793980598449707, -0.0508289597928524, -0.03368241339921951, -0.011640017852187157, -9.172510431199044e-07, -0.0488775297999382, -0.06570658087730408, -0.08124038577079773, -0.0864977017045021, -0.002977279480546713, -0.05369208753108978, -0.07903861999511719, -0.08889439702033997]"
0,1,9,402,397,443,446,436,427,413,344,280,239,201,323,321,330,334,366,184,209,173,139,182,202,309,291,229,175,145,165,116,173,205,159,"[-0.047399479895830154, -0.019609490409493446, -0.01793980598449707, -0.0508289597928524, -0.03368241339921951, -0.011640017852187157, -9.172510431199044e-07, -0.0488775297999382, -0.06570658087730408, -0.08124038577079773, -0.0864977017045021, -0.002977279480546713, -0.05369208753108978, -0.07903861999511719, -0.08889439702033997, 0.0007344112382270396]"
0,1,10,397,443,446,436,427,413,344,280,239,201,323,321,330,334,366,364,209,173,139,182,202,309,291,229,175,145,165,116,173,205,159,119,"[-0.019609490409493446, -0.01793980598449707, -0.0508289597928524, -0.03368241339921951, -0.011640017852187157, -9.172510431199044e-07, -0.0488775297999382, -0.06570658087730408, -0.08124038577079773, -0.0864977017045021, -0.002977279480546713, -0.05369208753108978, -0.07903861999511719, -0.08889439702033997, 0.0007344112382270396, -0.056005991995334625]"
0,1,11,443,446,436,427,413,344,280,239,201,323,321,330,334,366,364,367,173,139,182,202,309,291,229,175,145,165,116,173,205,159,119,191,"[-0.01793980598449707, -0.0508289597928524, -0.03368241339921951, -0.011640017852187157, -9.172510431199044e-07, -0.0488775297999382, -0.06570658087730408, -0.08124038577079773, -0.0864977017045021, -0.002977279480546713, -0.05369208753108978, -0.07903861999511719, -0.08889439702033997, 0.0007344112382270396, -0.056005991995334625, -0.0681619942188263]"
0,1,12,446,436,427,413,344,280,239,201,323,321,330,334,366,364,367,366,139,182,202,309,291,229,175,145,165,116,173,205,159,119,191,214,"[-0.0508289597928524, -0.03368241339921951, -0.011640017852187157, -9.172510431199044e-07, -0.0488775297999382, -0.06570658087730408, -0.08124038577079773, -0.0864977017045021, -0.002977279480546713, -0.05369208753108978, -0.07903861999511719, -0.08889439702033997, 0.0007344112382270396, -0.056005991995334625, -0.0681619942188263, -0.0627492293715477]"
0,1,13,436,427,413,344,280,239,201,323,321,330,334,366,364,367,366,406,182,202,309,291,229,175,145,165,116,173,205,159,119,191,214,163,"[-0.03368241339921951, -0.011640017852187157, -9.172510431199044e-07, -0.0488775297999382, -0.06570658087730408, -0.08124038577079773, -0.0864977017045021, -0.002977279480546713, -0.05369208753108978, -0.07903861999511719, -0.08889439702033997, 0.0007344112382270396, -0.056005991995334625, -0.0681619942188263, -0.0627492293715477, -0.006997769232839346]"
0,1,14,427,413,344,280,239,201,323,321,330,334,366,364,367,366,406,407,202,309,291,229,175,145,165,116,173,205,159,119,191,214,163,118,"[-0.011640017852187157, -9.172510431199044e-07, -0.0488775297999382, -0.06570658087730408, -0.08124038577079773, -0.0864977017045021, -0.002977279480546713, -0.05369208753108978, -0.07903861999511719, -0.08889439702033997, 0.0007344112382270396, -0.056005991995334625, -0.0681619942188263, -0.0627492293715477, -0.006997769232839346, -0.06594526767730713]"
0,1,15,413,344,280,239,201,323,321,330,334,366,364,367,366,406,407,403,309,291,229,175,145,165,116,173,205,159,119,191,214,163,118,184,"[-9.172510431199044e-07, -0.0488775297999382, -0.06570658087730408, -0.08124038577079773, -0.0864977017045021, -0.002977279480546713, -0.05369208753108978, -0.07903861999511719, -0.08889439702033997, 0.0007344112382270396, -0.056005991995334625, -0.0681619942188263, -0.0627492293715477, -0.006997769232839346, -0.06594526767730713, -0.04842020943760872]"
0,1,16,344,280,239,201,323,321,330,334,366,364,367,366,406,407,403,397,291,229,175,145,165,116,173,205,159,119,191,214,163,118,184,210,"[-0.0488775297999382, -0.06570658087730408, -0.08124038577079773, -0.0864977017045021, -0.002977279480546713, -0.05369208753108978, -0.07903861999511719, -0.08889439702033997, 0.0007344112382270396, -0.056005991995334625, -0.0681619942188263, -0.0627492293715477, -0.006997769232839346, -0.06594526767730713, -0.04842020943760872, -0.020552629604935646]"
0,1,17,280,239,201,323,321,330,334,366,364,367,366,406,407,403,397,444,229,175,145,165,116,173,205,159,119,191,214,163,118,184,210,173,"[-0.06570658087730408, -0.08124038577079773, -0.0864977017045021, -0.002977279480546713, -0.05369208753108978, -0.07903861999511719, -0.08889439702033997, 0.0007344112382270396, -0.056005991995334625, -0.0681619942188263, -0.0627492293715477, -0.006997769232839346, -0.06594526767730713, -0.04842020943760872, -0.020552629604935646, -0.018717879429459572]"
0,1,18,239,201,323,321,330,334,366,364,367,366,406,407,403,397,444,447,175,145,165,116,173,205,159,119,191,214,163,118,184,210,173,139,"[-0.08124038577079773, -0.0864977017045021, -0.002977279480546713, -0.05369208753108978, -0.07903861999511719, -0.08889439702033997, 0.0007344112382270396, -0.056005991995334625, -0.0681619942188263, -0.0627492293715477, -0.006997769232839346, -0.06594526767730713, -0.04842020943760872, -0.020552629604935646, -0.018717879429459572, -0.05182955414056778]"
0,1,19,201,323,321,330,334,366,364,367,366,406,407,403,397,444,447,437,145,165,116,173,205,159,119,191,214,163,118,184,210,173,139,183,"[-0.0864977017045021, -0.002977279480546713, -0.05369208753108978, -0.07903861999511719, -0.08889439702033997, 0.0007344112382270396, -0.056005991995334625, -0.0681619942188263, -0.0627492293715477, -0.006997769232839346, -0.06594526767730713, -0.04842020943760872, -0.020552629604935646, -0.018717879429459572, -0.05182955414056778, -0.03464408218860626]"
0,1,20,323,321,330,334,366,364,367,366,406,407,403,397,444,447,437,427,165,116,173,205,159,119,191,214,163,118,184,210,173,139,183,203,"[-0.002977279480546713, -0.05369208753108978, -0.07903861999511719, -0.08889439702033997, 0.0007344112382270396, -0.056005991995334625, -0.0681619942188263, -0.0627492293715477, -0.006997769232839346, -0.06594526767730713, -0.04842020943760872, -0.020552629604935646, -0.018717879429459572, -0.05182955414056778, -0.03464408218860626, -0.012562548741698265]"
0,1,0,327,336,339,372,371,374,371,412,415,409,403,450,454,444,434,420,117,174,206,160,121,193,215,164,120,187,210,173,141,185,204,307,"[-0.06129974499344826, -0.08645863831043243, -0.0958857387304306, -0.0036430242471396923, -0.06271731108427048, -0.07437960803508759, -0.06815852224826813, -0.01080321241170168, -0.07227230817079544, -0.05442315340042114, -0.026011021807789803, -0.02220429666340351, -0.057243142277002335, -0.04041937366127968, -0.018312722444534302, -9.16188582777977e-07]"
0,1,1,336,339,372,371,374,371,412,415,409,403,450,454,444,434,420,351,174,206,160,121,193,215,164,120,187,210,173,141,185,204,307,291,"[-0.08645863831043243, -0.0958857387304306, -0.0036430242471396923, -0.06271731108427048, -0.07437960803508759, -0.06815852224826813, -0.01080321241170168, -0.07227230817079544, -0.05442315340042114, -0.026011021807789803, -0.02220429666340351, -0.057243142277002335, -0.04041937366127968, -0.018312722444534302, -9.16188582777977e-07, -0.0516008622944355]"
0,1,2,339,372,371,374,371,412,415,409,403,450,454,444,434,420,351,287,206,160,121,193,215,164,120,187,210,173,141,185,204,307,291,230,"[-0.0958857387304306, -0.0036430242471396923, -0.06271731108427048, -0.07437960803508759, -0.06815852224826813, -0.01080321241170168, -0.07227230817079544, -0.05442315340042114, -0.026011021807789803, -0.02220429666340351, -0.057243142277002335, -0.04041937366127968, -0.018312722444534302, -9.16188582777977e-07, -0.0516008622944355, -0.06931906938552856]"
0,1,3,372,371,374,371,412,415,409,403,450,454,444,434,420,351,287,246,160,121,193,215,164,120,187,210,173,141,185,204,307,291,230,175,"[-0.0036430242471396923, -0.06271731108427048, -0.07437960803508759, -0.06815852224826813, -0.01080321241170168, -0.07227230817079544, -0.05442315340042114, -0.026011021807789803, -0.02220429666340351, -0.057243142277002335, -0.04041937366127968, -0.018312722444534302, -9.16188582777977e-07, -0.0516008622944355, -0.06931906938552856, -0.08498615771532059]"
0,1,4,371,374,371,412,415,409,403,450,454,444,434,420,351,287,246,208,121,193,215,164,120,187,210,173,141,185,204,307,291,230,175,145,"[-0.06271731108427048, -0.07437960803508759, -0.06815852224826813, -0.01080321241170168, -0.07227230817079544, -0.05442315340042114, -0.026011021807789803, -0.02220429666340351, -0.057243142277002335, -0.04041937366127968, -0.018312722444534302, -9.16188582777977e-07, -0.0516008622944355, -0.06931906938552856, -0.08498615771532059, -0.09012279659509659]"
0,1,5,374,371,412,415,409,403,450,454,444,434,420,351,287,246,208,328,193,215,164,120,187,210,173,141,185,204,307,291,230,175,145,165,"[-0.07437960803508759, -0.06815852224826813, -0.01080321241170168, -0.07227230817079544, -0.05442315340042114, -0.026011021807789803, -0.02220429666340351, -0.057243142277002335, -0.04041937366127968, -0.018312722444534302, -9.16188582777977e-07, -0.0516008622944355, -0.06931906938552856, -0.08498615771532059, -0.09012279659509659, -0.007138104178011417]"
0,1,6,371,412,415,409,403,450,454,444,434,420,351,287,246,208,328,328,215,164,120,187,210,173,141,185,204,307,291,230,175,145,165,117,"[-0.06815852224826813, -0.01080321241170168, -0.07227230817079544, -0.05442315340042114, -0.026011021807789803, -0.02220429666340351, -0.057243142277002335, -0.04041937366127968, -0.018312722444534302, -9.16188582777977e-07, -0.0516008622944355, -0.06931906938552856, -0.08498615771532059, -0.09012279659509659, -0.007138104178011417, -0.059314168989658356]"
0,1,7,412,415,409,403,450,454,444,434,420,351,287,246,208,328,328,336,164,120,187,210,173,141,185,204,307,291,230,175,145,165,117,174,"[-0.01080321241170168, -0.07227230817079544, -0.05442315340042114, -0.026011021807789803, -0.02220429666340351, -0.057243142277002335, -0.04041937366127968, -0.018312722444534302, -9.16188582777977e-07, -0.0516008622944355, -0.06931906938552856, -0.08498615771532059, -0.09012279659509659, -0.007138104178011417, -0.059314168989658356, -0.0843915045261383]"
0,1,8,415,409,403,450,454,444,434,420,351,287,246,208,328,328,336,340,120,187,210,173,141,185,204,307,291,230,175,145,165,117,174,205,"[-0.07227230817079544, -0.05442315340042114, -0.026011021807789803, -0.02220429666340351, -0.057243142277002335, -0.04041937366127968, -0.018312722444534302, -9.16188582777977e-07, -0.0516008622944355, -0.06931906938552856, -0.08498615771532059, -0.09012279659509659, -0.007138104178011417, -0.059314168989658356, -0.0843915045261383, -0.09389211237430573]"
0,1,9,409,403,450,454,444,434,420,351,287,246,208,328,328,336,340,373,187,210,173,141,185,204,307,291,230,175,145,165,117,174,205,159,"[-0.05442315340042114, -0.026011021807789803, -0.02220429666340351, -0.057243142277002335, -0.04041937366127968, -0.018312722444534302, -9.16188582777977e-07, -0.0516008622944355, -0.06931906938552856, -0.08498615771532059, -0.09012279659509659, -0.007138104178011417, -0.059314168989658356, -0.0843915045261383, -0.09389211237430573, -0.0027347758878022432]"
0,1,10,403,450,454,444,434,420,351,287,246,208,328,328,336,340,373,372,210,173,141,185,204,307,291,230,175,145,165,117,174,205,159,120,"[-0.026011021807789803, -0.02220429666340351, -0.057243142277002335, -0.04041937366127968, -0.018312722444534302, -9.16188582777977e-07, -0.0516008622944355, -0.06931906938552856, -0.08498615771532059, -0.09012279659509659, -0.007138104178011417, -0.059314168989658356, -0.0843915045261383, -0.09389211237430573, -0.0027347758878022432, -0.06129031255841255]"
0,1,11,450,454,444,434,420,351,287,246,208,328,328,336,340,373,372,374,173,141,185,204,307,291,230,175,145,165,117,174,205,159,120,192,"[-0.02220429666340351, -0.057243142277002335, -0.04041937366127968, -0.018312722444534302, -9.16188582777977e-07, -0.0516008622944355, -0.06931906938552856, -0.08498615771532059, -0.09012279659509659, -0.007138104178011417, -0.059314168989658356, -0.0843915045261383, -0.09389211237430573, -0.0027347758878022432, -0.06129031255841255, -0.07295101135969162]"
0,1,12,454,444,434,420,351,287,246,208,328,328,336,340,373,372,374,373,141,185,204,307,291,230,175,145,165,117,174,205,159,120,192,214,"[-0.057243142277002335, -0.04041937366127968, -0.018312722444534302, -9.16188582777977e-07, -0.0516008622944355, -0.06931906938552856, -0.08498615771532059, -0.09012279659509659, -0.007138104178011417, -0.059314168989658356, -0.0843915045261383, -0.09389211237430573, -0.0027347758878022432, -0.06129031255841255, -0.07295101135969162, -0.06675916910171509]"
0,1,13,444,434,420,351,287,246,208,328,328,336,340,373,372,374,373,412,185,204,307,291,230,175,145,165,117,174,205,159,120,192,214,163,"[-0.04041937366127968, -0.018312722444534302, -9.16188582777977e-07, -0.0516008622944355, -0.06931906938552856, -0.08498615771532059, -0.09012279659509659, -0.007138104178011417, -0.059314168989658356, -0.0843915045261383, -0.09389211237430573, -0.0027347758878022432, -0.06129031255841255, -0.07295101135969162, -0.06675916910171509, -0.010106394067406654]"
0,1,14,434,420,351,287,246,208,328,328,336,340,373,372,374,373,412,415,204,307,291,230,175,145,165,117,174,205,159,120,192,214,163,120,"[-0.018312722444534302, -9.16188582777977e-07, -0.0516008622944355, -0.06931906938552856, -0.08498615771532059, -0.09012279659509659, -0.007138104178011417, -0.059314168989658356, -0.0843915045261383, -0.09389211237430573, -0.0027347758878022432, -0.06129031255841255, -0.07295101135969162, -0.06675916910171509, -0.010106394067406654, -0.07103009521961212]"
0,1,15,420,351,287,246,208,328,328,336,340,373,372,374,373,412,415,410,307,291,230,175,145,165,117,174,205,159,120,192,214,163,120,186,"[-9.16188582777977e-07, -0.0516008622944355, -0.06931906938552856, -0.08498615771532059, -0.09012279659509659, -0.007138104178011417, -0.059314168989658356, -0.0843915045261383, -0.09389211237430573, -0.0027347758878022432, -0.06129031255841255, -0.07295101135969162, -0.06675916910171509, -0.010106394067406654, -0.07103009521961212, -0.053386226296424866]"
0,1,16,351,287,246,208,328,328,336,340,373,372,374,373,412,415,410,403,291,230,175,145,165,117,174,205,159,120,192,214,163,120,186,210,"[-0.0516008622944355, -0.06931906938552856, -0.08498615771532059, -0.09012279659509659, -0.007138104178011417, -0.059314168989658356, -0.0843915045261383, -0.09389211237430573, -0.0027347758878022432, -0.06129031255841255, -0.07295101135969162, -0.06675916910171509, -0.010106394067406654, -0.07103009521961212, -0.053386226296424866, -0.02513141743838787]"
0,1,17,287,246,208,328,328,336,340,373,372,374,373,412,415,410,403,450,230,175,145,165,117,174,205,159,120,192,214,163,120,186,210,173,"[-0.06931906938552856, -0.08498615771532059, -0.09012279659509659, -0.007138104178011417, -0.059314168989658356, -0.0843915045261383, -0.09389211237430573, -0.0027347758878022432, -0.06129031255841255, -0.07295101135969162, -0.06675916910171509, -0.010106394067406654, -0.07103009521961212, -0.053386226296424866, -0.02513141743838787, -0.021659474819898605]"
0,1,18,246,208,328,328,336,340,373,372,374,373,412,415,410,403,450,454,175,145,165,117,174,205,159,120,192,214,163,120,186,210,173,140,"[-0.08498615771532059, -0.09012279659509659, -0.007138104178011417, -0.059314168989658356, -0.0843915045261383, -0.09389211237430573, -0.0027347758878022432, -0.06129031255841255, -0.07295101135969162, -0.06675916910171509, -0.010106394067406654, -0.07103009521961212, -0.053386226296424866, -0.02513141743838787, -0.021659474819898605, -0.056336257606744766]"
0,1,19,208,328,328,336,340,373,372,374,373,412,415,410,403,450,454,444,145,165,117,174,205,159,120,192,214,163,120,186,210,173,140,185,"[-0.09012279659509659, -0.007138104178011417, -0.059314168989658356, -0.0843915045261383, -0.09389211237430573, -0.0027347758878022432, -0.06129031255841255, -0.07295101135969162, -0.06675916910171509, -0.010106394067406654, -0.07103009521961212, -0.053386226296424866, -0.02513141743838787, -0.021659474819898605, -0.056336257606744766, -0.0396164171397686]"
0,1,20,328,328,336,340,373,372,374,373,412,415,410,403,450,454,444,434,165,117,174,205,159,120,192,214,163,120,186,210,173,140,185,203,"[-0.007138104178011417, -0.059314168989658356, -0.0843915045261383, -0.09389211237430573, -0.0027347758878022432, -0.06129031255841255, -0.07295101135969162, -0.06675916910171509, -0.010106394067406654, -0.07103009521961212, -0.053386226296424866, -0.02513141743838787, -0.021659474819898605, -0.056336257606744766, -0.0396164171397686, -0.017642933875322342]"
0,1,0,325,334,337,369,368,371,368,408,412,406,399,446,450,441,432,417,115,172,203,158,119,191,211,162,118,184,207,171,138,182,200,304,"[-0.06147858500480652, -0.08679137378931046, -0.09617647528648376, -0.002906572073698044, -0.062318284064531326, -0.07357503473758698, -0.06701700389385223, -0.010242387652397156, -0.0722339004278183, -0.05431094765663147, -0.025735441595315933, -0.021889083087444305, -0.05714258924126625, -0.04053029417991638, -0.018552105873823166, -9.160409604191955e-07]"
0,1,1,334,337,369,368,371,368,408,412,406,399,446,450,441,432,417,348,172,203,158,119,191,211,162,118,184,207,171,138,182,200,304,289,"[-0.08679137378931046, -0.09617647528648376, -0.002906572073698044, -0.062318284064531326, -0.07357503473758698, -0.06701700389385223, -0.010242387652397156, -0.0722339004278183, -0.05431094765663147, -0.025735441595315933, -0.021889083087444305, -0.05714258924126625, -0.04053029417991638, -0.018552105873823166, -9.160409604191955e-07, -0.051973722875118256]"
0,1,2,337,369,368,371,368,408,412,406,399,446,450,441,432,417,348,285,203,158,119,191,211,162,118,184,207,171,138,182,200,304,289,227,"[-0.09617647528648376, -0.002906572073698044, -0.062318284064531326, -0.07357503473758698, -0.06701700389385223, -0.010242387652397156, -0.0722339004278183, -0.05431094765663147, -0.025735441595315933, -0.021889083087444305, -0.05714258924126625, -0.04053029417991638, -0.018552105873823166, -9.160409604191955e-07, -0.051973722875118256, -0.06906131654977798]"
0,1,3,369,368,371,368,408,412,406,399,446,450,441,432,417,348,285,243,158,119,191,211,162,118,184,207,171,138,182,200,304,289,227,172,"[-0.002906572073698044, -0.062318284064531326, -0.07357503473758698, -0.06701700389385223, -0.010242387652397156, -0.0722339004278183, -0.05431094765663147, -0.025735441595315933, -0.021889083087444305, -0.05714258924126625, -0.04053029417991638, -0.018552105873823166, -9.160409604191955e-07, -0.051973722875118256, -0.06906131654977798, -0.08400514721870422]"
0,1,4,368,371,368,408,412,406,399,446,450,441,432,417,348,285,243,206,119,191,211,162,118,184,207,171,138,182,200,304,289,227,172,142,"[-0.062318284064531326, -0.07357503473758698, -0.06701700389385223, -0.010242387652397156, -0.0722339004278183, -0.05431094765663147, -0.025735441595315933, -0.021889083087444305, -0.05714258924126625, -0.04053029417991638, -0.018552105873823166, -9.160409604191955e-07, -0.051973722875118256, -0.06906131654977798, -0.08400514721870422, -0.08835242688655853]"
0,1,5,371,368,408,412,406,399,446,450,441,432,417,348,285,243,206,325,191,211,162,118,184,207,171,138,182,200,304,289,227,172,142,163,"[-0.07357503473758698, -0.06701700389385223, -0.010242387652397156, -0.0722339004278183, -0.05431094765663147, -0.025735441595315933, -0.021889083087444305, -0.05714258924126625, -0.04053029417991638, -0.018552105873823166, -9.160409604191955e-07, -0.051973722875118256, -0.06906131654977798, -0.08400514721870422, -0.08835242688655853, -0.0070344735868275166]"
0,1,6,368,408,412,406,399,446,450,441,432,417,348,285,243,206,325,325,211,162,118,184,207,171,138,182,200,304,289,227,172,142,163,115,"[-0.06701700389385223, -0.010242387652397156, -0.0722339004278183, -0.05431094765663147, -0.025735441595315933, -0.021889083087444305, -0.05714258924126625, -0.04053029417991638, -0.018552105873823166, -9.160409604191955e-07, -0.051973722875118256, -0.06906131654977798, -0.08400514721870422, -0.08835242688655853, -0.0070344735868275166, -0.06024979054927826]"
0,1,7,408,412,406,399,446,450,441,432,417,348,285,243,206,325,325,334,162,118,184,207,171,138,182,200,304,289,227,172,142,163,115,172,"[-0.010242387652397156, -0.0722339004278183, -0.05431094765663147, -0.025735441595315933, -0.021889083087444305, -0.05714258924126625, -0.04053029417991638, -0.018552105873823166, -9.160409604191955e-07, -0.051973722875118256, -0.06906131654977798, -0.08400514721870422, -0.08835242688655853, -0.0070344735868275166, -0.06024979054927826, -0.08568158000707626]"
0,1,8,412,406,399,446,450,441,432,417,348,285,243,206,325,325,334,337,118,184,207,171,138,182,200,304,289,227,172,142,163,115,172,202,"[-0.0722339004278183, -0.05431094765663147, -0.025735441595315933, -0.021889083087444305, -0.05714258924126625, -0.04053029417991638, -0.018552105873823166, -9.160409604191955e-07, -0.051973722875118256, -0.06906131654977798, -0.08400514721870422, -0.08835242688655853, -0.0070344735868275166, -0.06024979054927826, -0.08568158000707626, -0.09517884254455566]"
0,1,9,406,399,446,450,441,432,417,348,285,243,206,325,325,334,337,369,184,207,171,138,182,200,304,289,227,172,142,163,115,172,202,158,"[-0.05431094765663147, -0.025735441595315933, -0.021889083087444305, -0.05714258924126625, -0.04053029417991638, -0.018552105873823166, -9.160409604191955e-07, -0.051973722875118256, -0.06906131654977798, -0.08400514721870422, -0.08835242688655853, -0.0070344735868275166, -0.06024979054927826, -0.08568158000707626, -0.09517884254455566, -0.0024468842893838882]"
0,1,10,399,446,450,441,432,417,348,285,243,206,325,325,334,337,369,369,207,171,138,182,200,304,289,227,172,142,163,115,172,202,158,118,"[-0.025735441595315933, -0.021889083087444305, -0.05714258924126625, -0.04053029417991638, -0.018552105873823166, -9.160409604191955e-07, -0.051973722875118256, -0.06906131654977798, -0.08400514721870422, -0.08835242688655853, -0.0070344735868275166, -0.06024979054927826, -0.08568158000707626, -0.09517884254455566, -0.0024468842893838882, -0.061223067343235016]"
0,1,11,446,450,441,432,417,348,285,243,206,325,325,334,337,369,369,371,171,138,182,200,304,289,227,172,142,163,115,172,202,158,118,190,"[-0.021889083087444305, -0.05714258924126625, -0.04053029417991638, -0.018552105873823166, -9.160409604191955e-07, -0.051973722875118256, -0.06906131654977798, -0.08400514721870422, -0.08835242688655853, -0.0070344735868275166, -0.06024979054927826, -0.08568158000707626, -0.09517884254455566, -0.0024468842893838882, -0.061223067343235016, -0.072742760181427]"
0,1,12,450,441,432,417,348,285,243,206,325,325,334,337,369,369,371,368,138,182,200,304,289,227,172,142,163,115,172,202,158,118,190,211,"[-0.05714258924126625, -0.04053029417991638, -0.018552105873823166, -9.160409604191955e-07, -0.051973722875118256, -0.06906131654977798, -0.08400514721870422, -0.08835242688655853, -0.0070344735868275166, -0.06024979054927826, -0.08568158000707626, -0.09517884254455566, -0.0024468842893838882, -0.061223067343235016, -0.072742760181427, -0.06642862409353256]"
0,1,13,441,432,417,348,285,243,206,325,325,334,337,369,369,371,368,408,182,200,304,289,227,172,142,163,115,172,202,158,118,190,211,162,"[-0.04053029417991638, -0.018552105873823166, -9.160409604191955e-07, -0.051973722875118256, -0.06906131654977798, -0.08400514721870422, -0.08835242688655853, -0.0070344735868275166, -0.06024979054927826, -0.08568158000707626, -0.09517884254455566, -0.0024468842893838882, -0.061223067343235016, -0.072742760181427, -0.06642862409353256, -0.009933789260685444]"
0,1,14,432,417,348,285,243,206,325,325,334,337,369,369,371,368,408,412,200,304,289,227,172,142,163,115,172,202,158,118,190,211,162,118,"[-0.018552105873823166, -9.160409604191955e-07, -0.051973722875118256, -0.06906131654977798, -0.08400514721870422, -0.08835242688655853, -0.0070344735868275166, -0.06024979054927826, -0.08568158000707626, -0.09517884254455566, -0.0024468842893838882, -0.061223067343235016, -0.072742760181427, -0.06642862409353256, -0.009933789260685444, -0.07116834819316864]"
0,1,15,417,348,285,243,206,325,325,334,337,369,369,371,368,408,412,406,304,289,227,172,142,163,115,172,202,158,118,190,211,162,118,184,"[-9.160409604191955e-07, -0.051973722875118256, -0.06906131654977798, -0.08400514721870422, -0.08835242688655853, -0.0070344735868275166, -0.06024979054927826, -0.08568158000707626, -0.09517884254455566, -0.0024468842893838882, -0.061223067343235016, -0.072742760181427, -0.06642862409353256, -0.009933789260685444, -0.07116834819316864, -0.05354348570108414]"
0,1,16,348,285,243,206,325,325,334,337,369,369,371,368,408,412,406,399,289,227,172,142,163,115,172,202,158,118,190,211,162,118,184,206,"[-0.051973722875118256, -0.06906131654977798, -0.08400514721870422, -0.08835242688655853, -0.0070344735868275166, -0.06024979054927826, -0.08568158000707626, -0.09517884254455566, -0.0024468842893838882, -0.061223067343235016, -0.072742760181427, -0.06642862409353256, -0.009933789260685444, -0.07116834819316864, -0.05354348570108414, -0.025329465046525]"
0,1,17,285,243,206,325,325,334,337,369,369,371,368,408,412,406,399,446,227,172,142,163,115,172,202,158,118,190,211,162,118,184,206,171,"[-0.06906131654977798, -0.08400514721870422, -0.08835242688655853, -0.0070344735868275166, -0.06024979054927826, -0.08568158000707626, -0.09517884254455566, -0.0024468842893838882, -0.061223067343235016, -0.072742760181427, -0.06642862409353256, -0.009933789260685444, -0.07116834819316864, -0.05354348570108414, -0.025329465046525, -0.021672267466783524]"
0,1,18,243,206,325,325,334,337,369,369,371,368,408,412,406,399,446,450,172,142,163,115,172,202,158,118,190,211,162,118,184,206,171,138,"[-0.08400514721870422, -0.08835242688655853, -0.0070344735868275166, -0.06024979054927826, -0.08568158000707626, -0.09517884254455566, -0.0024468842893838882, -0.061223067343235016, -0.072742760181427, -0.06642862409353256, -0.009933789260685444, -0.07116834819316864, -0.05354348570108414, -0.025329465046525, -0.021672267466783524, -0.056286465376615524]"
0,1,19,206,325,325,334,337,369,369,371,368,408,412,406,399,446,450,441,142,163,115,172,202,158,118,190,211,162,118,184,206,171,138,182,"[-0.08835242688655853, -0.0070344735868275166, -0.06024979054927826, -0.08568158000707626, -0.09517884254455566, -0.0024468842893838882, -0.061223067343235016, -0.072742760181427, -0.06642862409353256, -0.009933789260685444, -0.07116834819316864, -0.05354348570108414, -0.025329465046525, -0.021672267466783524, -0.056286465376615524, -0.0395013652741909]"
0,1,20,325,325,334,337,369,369,371,368,408,412,406,399,446,450,441,432,163,115,172,202,158,118,190,211,162,118,184,206,171,138,182,199,"[-0.0070344735868275166, -0.06024979054927826, -0.08568158000707626, -0.09517884254455566, -0.0024468842893838882, -0.061223067343235016, -0.072742760181427, -0.06642862409353256, -0.009933789260685444, -0.07116834819316864, -0.05354348570108414, -0.025329465046525, -0.021672267466783524, -0.056286465376615524, -0.0395013652741909, -0.017495526000857353]"
0,1,0,323,331,334,366,366,368,364,405,408,403,396,442,446,437,428,415,113,170,199,156,116,187,207,159,115,181,204,168,134,178,196,301,"[-0.06030743941664696, -0.08594337105751038, -0.0955914631485939, -0.0017617640551179647, -0.060386836528778076, -0.07168073207139969, -0.06535571068525314, -0.008935765363276005, -0.0702395811676979, -0.052474506199359894, -0.024124791845679283, -0.020454782992601395, -0.0553254634141922, -0.03904879465699196, -0.017342470586299896, -8.974160436991951e-07]"
0,1,1,331,334,366,366,368,364,405,408,403,396,442,446,437,428,415,347,170,199,156,116,187,207,159,115,181,204,168,134,178,196,301,286,"[-0.08594337105751038, -0.0955914631485939, -0.0017617640551179647, -0.060386836528778076, -0.07168073207139969, -0.06535571068525314, -0.008935765363276005, -0.0702395811676979, -0.052474506199359894, -0.024124791845679283, -0.020454782992601395, -0.0553254634141922, -0.03904879465699196, -0.017342470586299896, -8.974160436991951e-07, -0.05250377580523491]"
0,1,2,334,366,366,368,364,405,408,403,396,442,446,437,428,415,347,283,199,156,116,187,207,159,115,181,204,168,134,178,196,301,286,225,"[-0.0955914631485939, -0.0017617640551179647, -0.060386836528778076, -0.07168073207139969, -0.06535571068525314, -0.008935765363276005, -0.0702395811676979, -0.052474506199359894, -0.024124791845679283, -0.020454782992601395, -0.0553254634141922, -0.03904879465699196, -0.017342470586299896, -8.974160436991951e-07, -0.05250377580523491, -0.06996899843215942]"
0,1,3,366,366,368,364,405,408,403,396,442,446,437,428,415,347,283,242,156,116,187,207,159,115,181,204,168,134,178,196,301,286,225,170,"[-0.0017617640551179647, -0.060386836528778076, -0.07168073207139969, -0.06535571068525314, -0.008935765363276005, -0.0702395811676979, -0.052474506199359894, -0.024124791845679283, -0.020454782992601395, -0.0553254634141922, -0.03904879465699196, -0.017342470586299896, -8.974160436991951e-07, -0.05250377580523491, -0.06996899843215942, -0.08519888669252396]"
0,1,4,366,368,364,405,408,403,396,442,446,437,428,415,347,283,242,204,116,187,207,159,115,181,204,168,134,178,196,301,286,225,170,140,"[-0.060386836528778076, -0.07168073207139969, -0.06535571068525314, -0.008935765363276005, -0.0702395811676979, -0.052474506199359894, -0.024124791845679283, -0.020454782992601395, -0.0553254634141922, -0.03904879465699196, -0.017342470586299896, -8.974160436991951e-07, -0.05250377580523491, -0.06996899843215942, -0.08519888669252396, -0.08967095613479614]"
0,1,5,368,364,405,408,403,396,442,446,437,428,415,347,283,242,204,323,187,207,159,115,181,204,168,134,178,196,301,286,225,170,140,161,"[-0.07168073207139969, -0.06535571068525314, -0.008935765363276005, -0.0702395811676979, -0.052474506199359894, -0.024124791845679283, -0.020454782992601395, -0.0553254634141922, -0.03904879465699196, -0.017342470586299896, -8.974160436991951e-07, -0.05250377580523491, -0.06996899843215942, -0.08519888669252396, -0.08967095613479614, -0.006559810601174831]"
0,1,6,364,405,408,403,396,442,446,437,428,415,347,283,242,204,323,323,207,159,115,181,204,168,134,178,196,301,286,225,170,140,161,112,"[-0.06535571068525314, -0.008935765363276005, -0.0702395811676979, -0.052474506199359894, -0.024124791845679283, -0.020454782992601395, -0.0553254634141922, -0.03904879465699196, -0.017342470586299896, -8.974160436991951e-07, -0.05250377580523491, -0.06996899843215942, -0.08519888669252396, -0.08967095613479614, -0.006559810601174831, -0.05968158692121506]"
0,1,7,405,408,403,396,442,446,437,428,415,347,283,242,204,323,323,331,159,115,181,204,168,134,178,196,301,286,225,170,140,161,112,169,"[-0.008935765363276005, -0.0702395811676979, -0.052474506199359894, -0.024124791845679283, -0.020454782992601395, -0.0553254634141922, -0.03904879465699196, -0.017342470586299896, -8.974160436991951e-07, -0.05250377580523491, -0.06996899843215942, -0.08519888669252396, -0.08967095613479614, -0.006559810601174831, -0.05968158692121506, -0.08517702668905258]"
0,1,8,408,403,396,442,446,437,428,415,347,283,242,204,323,323,331,334,115,181,204,168,134,178,196,301,286,225,170,140,161,112,169,199,"[-0.0702395811676979, -0.052474506199359894, -0.024124791845679283, -0.020454782992601395, -0.0553254634141922, -0.03904879465699196, -0.017342470586299896, -8.974160436991951e-07, -0.05250377580523491, -0.06996899843215942, -0.08519888669252396, -0.08967095613479614, -0.006559810601174831, -0.05968158692121506, -0.08517702668905258, -0.09473375976085663]"
0,1,9,403,396,442,446,437,428,415,347,283,242,204,323,323,331,334,366,181,204,168,134,178,196,301,286,225,170,140,161,112,169,199,156,"[-0.052474506199359894, -0.024124791845679283, -0.020454782992601395, -0.0553254634141922, -0.03904879465699196, -0.017342470586299896, -8.974160436991951e-07, -0.05250377580523491, -0.06996899843215942, -0.08519888669252396, -0.08967095613479614, -0.006559810601174831, -0.05968158692121506, -0.08517702668905258, -0.09473375976085663, -0.00146263197530061]"
0,1,10,396,442,446,437,428,415,347,283,242,204,323,323,331,334,366,365,204,168,134,178,196,301,286,225,170,140,161,112,169,199,156,116,"[-0.024124791845679283, -0.020454782992601395, -0.0553254634141922, -0.03904879465699196, -0.017342470586299896, -8.974160436991951e-07, -0.05250377580523491, -0.06996899843215942, -0.08519888669252396, -0.08967095613479614, -0.006559810601174831, -0.05968158692121506, -0.08517702668905258, -0.09473375976085663, -0.00146263197530061, -0.05974806472659111]"
0,1,11,442,446,437,428,415,347,283,242,204,323,323,331,334,366,365,368,168,134,178,196,301,286,225,170,140,161,112,169,199,156,116,187,"[-0.020454782992601395, -0.0553254634141922, -0.03904879465699196, -0.017342470586299896, -8.974160436991951e-07, -0.05250377580523491, -0.06996899843215942, -0.08519888669252396, -0.08967095613479614, -0.006559810601174831, -0.05968158692121506, -0.08517702668905258, -0.09473375976085663, -0.00146263197530061, -0.05974806472659111, -0.07097328454256058]"
0,1,12,446,437,428,415,347,283,242,204,323,323,331,334,366,365,368,365,134,178,196,301,286,225,170,140,161,112,169,199,156,116,187,207,"[-0.0553254634141922, -0.03904879465699196, -0.017342470586299896, -8.974160436991951e-07, -0.05250377580523491, -0.06996899843215942, -0.08519888669252396, -0.08967095613479614, -0.006559810601174831, -0.05968158692121506, -0.08517702668905258, -0.09473375976085663, -0.00146263197530061, -0.05974806472659111, -0.07097328454256058, -0.0645555704832077]"
0,1,13,437,428,415,347,283,242,204,323,323,331,334,366,365,368,365,404,178,196,301,286,225,170,140,161,112,169,199,156,116,187,207,159,"[-0.03904879465699196, -0.017342470586299896, -8.974160436991951e-07, -0.05250377580523491, -0.06996899843215942, -0.08519888669252396, -0.08967095613479614, -0.006559810601174831, -0.05968158692121506, -0.08517702668905258, -0.09473375976085663, -0.00146263197530061, -0.05974806472659111, -0.07097328454256058, -0.0645555704832077, -0.008563092909753323]"
0,1,14,428,415,347,283,242,204,323,323,331,334,366,365,368,365,404,407,196,301,286,225,170,140,161,112,169,199,156,116,187,207,159,114,"[-0.017342470586299896, -8.974160436991951e-07, -0.05250377580523491, -0.06996899843215942, -0.08519888669252396, -0.08967095613479614, -0.006559810601174831, -0.05968158692121506, -0.08517702668905258, -0.09473375976085663, -0.00146263197530061, -0.05974806472659111, -0.07097328454256058, -0.0645555704832077, -0.008563092909753323, -0.0695546492934227]"
0,1,15,415,347,283,242,204,323,323,331,334,366,365,368,365,404,407,403,301,286,225,170,140,161,112,169,199,156,116,187,207,159,114,180,"[-8.974160436991951e-07, -0.05250377580523491, -0.06996899843215942, -0.08519888669252396, -0.08967095613479614, -0.006559810601174831, -0.05968158692121506, -0.08517702668905258, -0.09473375976085663, -0.00146263197530061, -0.05974806472659111, -0.07097328454256058, -0.0645555704832077, -0.008563092909753323, -0.0695546492934227, -0.051744863390922546]"
0,1,16,347,283,242,204,323,323,331,334,366,365,368,365,404,407,403,396,286,225,170,140,161,112,169,199,156,116,187,207,159,114,180,203,"[-0.05250377580523491, -0.06996899843215942, -0.08519888669252396, -0.08967095613479614, -0.006559810601174831, -0.05968158692121506, -0.08517702668905258, -0.09473375976085663, -0.00146263197530061, -0.05974806472659111, -0.07097328454256058, -0.0645555704832077, -0.008563092909753323, -0.0695546492934227, -0.051744863390922546, -0.02338682860136032]"
0,1,17,283,242,204,323,323,331,334,366,365,368,365,404,407,403,396,441,225,170,140,161,112,169,199,156,116,187,207,159,114,180,203,168,"[-0.06996899843215942, -0.08519888669252396, -0.08967095613479614, -0.006559810601174831, -0.05968158692121506, -0.08517702668905258, -0.09473375976085663, -0.00146263197530061, -0.05974806472659111, -0.07097328454256058, -0.0645555704832077, -0.008563092909753323, -0.0695546492934227, -0.051744863390922546, -0.02338682860136032, -0.020011398941278458]"
0,1,18,242,204,323,323,331,334,366,365,368,365,404,407,403,396,441,446,170,140,161,112,169,199,156,116,187,207,159,114,180,203,168,134,"[-0.08519888669252396, -0.08967095613479614, -0.006559810601174831, -0.05968158692121506, -0.08517702668905258, -0.09473375976085663, -0.00146263197530061, -0.05974806472659111, -0.07097328454256058, -0.0645555704832077, -0.008563092909753323, -0.0695546492934227, -0.051744863390922546, -0.02338682860136032, -0.020011398941278458, -0.054826706647872925]"
0,1,19,204,323,323,331,334,366,365,368,365,404,407,403,396,441,446,437,140,161,112,169,199,156,116,187,207,159,114,180,203,168,134,178,"[-0.08967095613479614, -0.006559810601174831, -0.05968158692121506, -0.08517702668905258, -0.09473375976085663, -0.00146263197530061, -0.05974806472659111, -0.07097328454256058, -0.0645555704832077, -0.008563092909753323, -0.0695546492934227, -0.051744863390922546, -0.02338682860136032, -0.020011398941278458, -0.054826706647872925, -0.03844546526670456]"
0,1,20,323,323,331,334,366,365,368,365,404,407,403,396,441,446,437,428,161,112,169,199,156,116,187,207,159,114,180,203,168,134,178,196,"[-0.006559810601174831, -0.05968158692121506, -0.08517702668905258, -0.09473375976085663, -0.00146263197530061, -0.05974806472659111, -0.07097328454256058, -0.0645555704832077, -0.008563092909753323, -0.0695546492934227, -0.051744863390922546, -0.02338682860136032, -0.020011398941278458, -0.054826706647872925, -0.03844546526670456, -0.016626175493001938]"
0,1,0,325,334,337,368,368,371,367,406,410,406,398,443,448,440,430,416,112,168,198,156,115,187,206,158,114,180,203,167,133,178,196,300,"[-0.06118973717093468, -0.08659461885690689, -0.09594574570655823, -0.002969195134937763, -0.06155005842447281, -0.07279011607170105, -0.06632627546787262, -0.010198413394391537, -0.07153011113405228, -0.05412622541189194, -0.02604062482714653, -0.02162954770028591, -0.056703779846429825, -0.0405614860355854, -0.018946701660752296, -9.080231393454596e-07]"
0,1,1,334,337,368,368,371,367,406,410,406,398,443,448,440,430,416,349,168,198,156,115,187,206,158,114,180,203,167,133,178,196,300,285,"[-0.08659461885690689, -0.09594574570655823, -0.002969195134937763, -0.06155005842447281, -0.07279011607170105, -0.06632627546787262, -0.010198413394391537, -0.07153011113405228, -0.05412622541189194, -0.02604062482714653, -0.02162954770028591, -0.056703779846429825, -0.0405614860355854, -0.018946701660752296, -9.080231393454596e-07, -0.05172368884086609]"
0,1,2,337,368,368,371,367,406,410,406,398,443,448,440,430,416,349,286,198,156,115,187,206,158,114,180,203,167,133,178,196,300,285,224,"[-0.09594574570655823, -0.002969195134937763, -0.06155005842447281, -0.07279011607170105, -0.06632627546787262, -0.010198413394391537, -0.07153011113405228, -0.05412622541189194, -0.02604062482714653, -0.02162954770028591, -0.056703779846429825, -0.0405614860355854, -0.018946701660752296, -9.080231393454596e-07, -0.05172368884086609, -0.06862655282020569]"
0,1,3,368,368,371,367,406,410,406,398,443,448,440,430,416,349,286,245,156,115,187,206,158,114,180,203,167,133,178,196,300,285,224,169,"[-0.002969195134937763, -0.06155005842447281, -0.07279011607170105, -0.06632627546787262, -0.010198413394391537, -0.07153011113405228, -0.05412622541189194, -0.02604062482714653, -0.02162954770028591, -0.056703779846429825, -0.0405614860355854, -0.018946701660752296, -9.080231393454596e-07, -0.05172368884086609, -0.06862655282020569, -0.08332274109125137]"
0,1,4,368,371,367,406,410,406,398,443,448,440,430,416,349,286,245,208,115,187,206,158,114,180,203,167,133,178,196,300,285,224,169,139,"[-0.06155005842447281, -0.07279011607170105, -0.06632627546787262, -0.010198413394391537, -0.07153011113405228, -0.05412622541189194, -0.02604062482714653, -0.02162954770028591, -0.056703779846429825, -0.0405614860355854, -0.018946701660752296, -9.080231393454596e-07, -0.05172368884086609, -0.06862655282020569, -0.08332274109125137, -0.08759202063083649]"
0,1,5,371,367,406,410,406,398,443,448,440,430,416,349,286,245,208,325,187,206,158,114,180,203,167,133,178,196,300,285,224,169,139,161,"[-0.07279011607170105, -0.06632627546787262, -0.010198413394391537, -0.07153011113405228, -0.05412622541189194, -0.02604062482714653, -0.02162954770028591, -0.056703779846429825, -0.0405614860355854, -0.018946701660752296, -9.080231393454596e-07, -0.05172368884086609, -0.06862655282020569, -0.08332274109125137, -0.08759202063083649, -0.00716986320912838]"
0,1,6,367,406,410,406,398,443,448,440,430,416,349,286,245,208,325,326,206,158,114,180,203,167,133,178,196,300,285,224,169,139,161,113,"[-0.06632627546787262, -0.010198413394391537, -0.07153011113405228, -0.05412622541189194, -0.02604062482714653, -0.02162954770028591, -0.056703779846429825, -0.0405614860355854, -0.018946701660752296, -9.080231393454596e-07, -0.05172368884086609, -0.06862655282020569, -0.08332274109125137, -0.08759202063083649, -0.00716986320912838, -0.060159578919410706]"
0,1,7,406,410,406,398,443,448,440,430,416,349,286,245,208,325,326,334,158,114,180,203,167,133,178,196,300,285,224,169,139,161,113,168,"[-0.010198413394391537, -0.07153011113405228, -0.05412622541189194, -0.02604062482714653, -0.02162954770028591, -0.056703779846429825, -0.0405614860355854, -0.018946701660752296, -9.080231393454596e-07, -0.05172368884086609, -0.06862655282020569, -0.08332274109125137, -0.08759202063083649, -0.00716986320912838, -0.060159578919410706, -0.08554107695817947]"
0,1,8,410,406,398,443,448,440,430,416,349,286,245,208,325,326,334,337,114,180,203,167,133,178,196,300,285,224,169,139,161,113,168,198,"[-0.07153011113405228, -0.05412622541189194, -0.02604062482714653, -0.02162954770028591, -0.056703779846429825, -0.0405614860355854, -0.018946701660752296, -9.080231393454596e-07, -0.05172368884086609, -0.06862655282020569, -0.08332274109125137, -0.08759202063083649, -0.00716986320912838, -0.060159578919410706, -0.08554107695817947, -0.09500536322593689]"
0,1,9,406,398,443,448,440,430,416,349,286,245,208,325,326,334,337,368,180,203,167,133,178,196,300,285,224,169,139,161,113,168,198,155,"[-0.05412622541189194, -0.02604062482714653, -0.02162954770028591, -0.056703779846429825, -0.0405614860355854, -0.018946701660752296, -9.080231393454596e-07, -0.05172368884086609, -0.06862655282020569, -0.08332274109125137, -0.08759202063083649, -0.00716986320912838, -0.060159578919410706, -0.08554107695817947, -0.09500536322593689, -0.0023394408635795116]"
0,1,10,398,443,448,440,430,416,349,286,245,208,325,326,334,337,368,368,203,167,133,178,196,300,285,224,169,139,161,113,168,198,155,116,"[-0.02604062482714653, -0.02162954770028591, -0.056703779846429825, -0.0405614860355854, -0.018946701660752296, -9.080231393454596e-07, -0.05172368884086609, -0.06862655282020569, -0.08332274109125137, -0.08759202063083649, -0.00716986320912838, -0.060159578919410706, -0.08554107695817947, -0.09500536322593689, -0.0023394408635795116, -0.06032470986247063]"
0,1,11,443,448,440,430,416,349,286,245,208,325,326,334,337,368,368,371,167,133,178,196,300,285,224,169,139,161,113,168,198,155,116,187,"[-0.02162954770028591, -0.056703779846429825, -0.0405614860355854, -0.018946701660752296, -9.080231393454596e-07, -0.05172368884086609, -0.06862655282020569, -0.08332274109125137, -0.08759202063083649, -0.00716986320912838, -0.060159578919410706, -0.08554107695817947, -0.09500536322593689, -0.0023394408635795116, -0.06032470986247063, -0.07148079574108124]"
0,1,12,448,440,430,416,349,286,245,208,325,326,334,337,368,368,371,368,133,178,196,300,285,224,169,139,161,113,168,198,155,116,187,207,"[-0.056703779846429825, -0.0405614860355854, -0.018946701660752296, -9.080231393454596e-07, -0.05172368884086609, -0.06862655282020569, -0.08332274109125137, -0.08759202063083649, -0.00716986320912838, -0.060159578919410706, -0.08554107695817947, -0.09500536322593689, -0.0023394408635795116, -0.06032470986247063, -0.07148079574108124, -0.06514237076044083]"
0,1,13,440,430,416,349,286,245,208,325,326,334,337,368,368,371,368,407,178,196,300,285,224,169,139,161,113,168,198,155,116,187,207,158,"[-0.0405614860355854, -0.018946701660752296, -9.080231393454596e-07, -0.05172368884086609, -0.06862655282020569, -0.08332274109125137, -0.08759202063083649, -0.00716986320912838, -0.060159578919410706, -0.08554107695817947, -0.09500536322593689, -0.0023394408635795116, -0.06032470986247063, -0.07148079574108124, -0.06514237076044083, -0.009536868892610073]"
0,1,14,430,416,349,286,245,208,325,326,334,337,368,368,371,368,407,410,196,300,285,224,169,139,161,113,168,198,155,116,187,207,158,114,"[-0.018946701660752296, -9.080231393454596e-07, -0.05172368884086609, -0.06862655282020569, -0.08332274109125137, -0.08759202063083649, -0.00716986320912838, -0.060159578919410706, -0.08554107695817947, -0.09500536322593689, -0.0023394408635795116, -0.06032470986247063, -0.07148079574108124, -0.06514237076044083, -0.009536868892610073, -0.07048001885414124]"
0,1,15,416,349,286,245,208,325,326,334,337,368,368,371,368,407,410,406,300,285,224,169,139,161,113,168,198,155,116,187,207,158,114,180,"[-9.080231393454596e-07, -0.05172368884086609, -0.06862655282020569, -0.08332274109125137, -0.08759202063083649, -0.00716986320912838, -0.060159578919410706, -0.08554107695817947, -0.09500536322593689, -0.0023394408635795116, -0.06032470986247063, -0.07148079574108124, -0.06514237076044083, -0.009536868892610073, -0.07048001885414124, -0.053201984614133835]"
0,1,16,349,286,245,208,325,326,334,337,368,368,371,368,407,410,406,399,285,224,169,139,161,113,168,198,155,116,187,207,158,114,180,203,"[-0.05172368884086609, -0.06862655282020569, -0.08332274109125137, -0.08759202063083649, -0.00716986320912838, -0.060159578919410706, -0.08554107695817947, -0.09500536322593689, -0.0023394408635795116, -0.06032470986247063, -0.07148079574108124, -0.06514237076044083, -0.009536868892610073, -0.07048001885414124, -0.053201984614133835, -0.02529938332736492]"
0,1,17,286,245,208,325,326,334,337,368,368,371,368,407,410,406,399,444,224,169,139,161,113,168,198,155,116,187,207,158,114,180,203,167,"[-0.06862655282020569, -0.08332274109125137, -0.08759202063083649, -0.00716986320912838, -0.060159578919410706, -0.08554107695817947, -0.09500536322593689, -0.0023394408635795116, -0.06032470986247063, -0.07148079574108124, -0.06514237076044083, -0.009536868892610073, -0.07048001885414124, -0.053201984614133835, -0.02529938332736492, -0.02092416025698185]"
0,1,18,245,208,325,326,334,337,368,368,371,368,407,410,406,399,444,448,169,139,161,113,168,198,155,116,187,207,158,114,180,203,167,134,"[-0.08332274109125137, -0.08759202063083649, -0.00716986320912838, -0.060159578919410706, -0.08554107695817947, -0.09500536322593689, -0.0023394408635795116, -0.06032470986247063, -0.07148079574108124, -0.06514237076044083, -0.009536868892610073, -0.07048001885414124, -0.053201984614133835, -0.02529938332736492, -0.02092416025698185, -0.05587528273463249]"
0,1,19,208,325,326,334,337,368,368,371,368,407,410,406,399,444,448,440,139,161,113,168,198,155,116,187,207,158,114,180,203,167,134,178,"[-0.08759202063083649, -0.00716986320912838, -0.060159578919410706, -0.08554107695817947, -0.09500536322593689, -0.0023394408635795116, -0.06032470986247063, -0.07148079574108124, -0.06514237076044083, -0.009536868892610073, -0.07048001885414124, -0.053201984614133835, -0.02529938332736492, -0.02092416025698185, -0.05587528273463249, -0.03980929031968117]"
0,1,20,325,326,334,337,368,368,371,368,407,410,406,399,444,448,440,430,161,113,168,198,155,116,187,207,158,114,180,203,167,134,178,196,"[-0.00716986320912838, -0.060159578919410706, -0.08554107695817947, -0.09500536322593689, -0.0023394408635795116, -0.06032470986247063, -0.07148079574108124, -0.06514237076044083, -0.009536868892610073, -0.07048001885414124, -0.053201984614133835, -0.02529938332736492, -0.02092416025698185, -0.05587528273463249, -0.03980929031968117, -0.018268778920173645]"
0,1,0,333,341,344,375,376,378,374,413,418,413,405,450,455,446,436,420,111,166,197,154,114,185,206,157,114,178,202,166,133,176,194,298,"[-0.058557961136102676, -0.08288390934467316, -0.09187722206115723, -0.002825157716870308, -0.06020636111497879, -0.07153382897377014, -0.06537766009569168, -0.009869898669421673, -0.06968461722135544, -0.05281208083033562, -0.02536417543888092, -0.02091868966817856, -0.05490385740995407, -0.03873194754123688, -0.017299672588706017, -9.104929858949617e-07]"
0,1,1,341,344,375,376,378,374,413,418,413,405,450,455,446,436,420,354,166,197,154,114,185,206,157,114,178,202,166,133,176,194,298,282,"[-0.08288390934467316, -0.09187722206115723, -0.002825157716870308, -0.06020636111497879, -0.07153382897377014, -0.06537766009569168, -0.009869898669421673, -0.06968461722135544, -0.05281208083033562, -0.02536417543888092, -0.02091868966817856, -0.05490385740995407, -0.03873194754123688, -0.017299672588706017, -9.104929858949617e-07, -0.050440382212400436]"
0,1,2,344,375,376,378,374,413,418,413,405,450,455,446,436,420,354,292,197,154,114,185,206,157,114,178,202,166,133,176,194,298,282,220,"[-0.09187722206115723, -0.002825157716870308, -0.06020636111497879, -0.07153382897377014, -0.06537766009569168, -0.009869898669421673, -0.06968461722135544, -0.05281208083033562, -0.02536417543888092, -0.02091868966817856, -0.05490385740995407, -0.03873194754123688, -0.017299672588706017, -9.104929858949617e-07, -0.050440382212400436, -0.06664285063743591]"
0,1,3,375,376,378,374,413,418,413,405,450,455,446,436,420,354,292,253,154,114,185,206,157,114,178,202,166,133,176,194,298,282,220,166,"[-0.002825157716870308, -0.06020636111497879, -0.07153382897377014, -0.06537766009569168, -0.009869898669421673, -0.06968461722135544, -0.05281208083033562, -0.02536417543888092, -0.02091868966817856, -0.05490385740995407, -0.03873194754123688, -0.017299672588706017, -9.104929858949617e-07, -0.050440382212400436, -0.06664285063743591, -0.08091116696596146]"
0,1,4,376,378,374,413,418,413,405,450,455,446,436,420,354,292,253,216,114,185,206,157,114,178,202,166,133,176,194,298,282,220,166,136,"[-0.06020636111497879, -0.07153382897377014, -0.06537766009569168, -0.009869898669421673, -0.06968461722135544, -0.05281208083033562, -0.02536417543888092, -0.02091868966817856, -0.05490385740995407, -0.03873194754123688, -0.017299672588706017, -9.104929858949617e-07, -0.050440382212400436, -0.06664285063743591, -0.08091116696596146, -0.08466371893882751]"
0,1,5,378,374,413,418,413,405,450,455,446,436,420,354,292,253,216,332,185,206,157,114,178,202,166,133,176,194,298,282,220,166,136,158,"[-0.07153382897377014, -0.06537766009569168, -0.009869898669421673, -0.06968461722135544, -0.05281208083033562, -0.02536417543888092, -0.02091868966817856, -0.05490385740995407, -0.03873194754123688, -0.017299672588706017, -9.104929858949617e-07, -0.050440382212400436, -0.06664285063743591, -0.08091116696596146, -0.08466371893882751, -0.006222253665328026]"
0,1,6,374,413,418,413,405,450,455,446,436,420,354,292,253,216,332,333,206,157,114,178,202,166,133,176,194,298,282,220,166,136,158,111,"[-0.06537766009569168, -0.009869898669421673, -0.06968461722135544, -0.05281208083033562, -0.02536417543888092, -0.02091868966817856, -0.05490385740995407, -0.03873194754123688, -0.017299672588706017, -9.104929858949617e-07, -0.050440382212400436, -0.06664285063743591, -0.08091116696596146, -0.08466371893882751, -0.006222253665328026, -0.05857408419251442]"
0,1,7,413,418,413,405,450,455,446,436,420,354,292,253,216,332,333,341,157,114,178,202,166,133,176,194,298,282,220,166,136,158,111,166,"[-0.009869898669421673, -0.06968461722135544, -0.05281208083033562, -0.02536417543888092, -0.02091868966817856, -0.05490385740995407, -0.03873194754123688, -0.017299672588706017, -9.104929858949617e-07, -0.050440382212400436, -0.06664285063743591, -0.08091116696596146, -0.08466371893882751, -0.006222253665328026, -0.05857408419251442, -0.08338040858507156]"
0,1,8,418,413,405,450,455,446,436,420,354,292,253,216,332,333,341,343,114,178,202,166,133,176,194,298,282,220,166,136,158,111,166,196,"[-0.06968461722135544, -0.05281208083033562, -0.02536417543888092, -0.02091868966817856, -0.05490385740995407, -0.03873194754123688, -0.017299672588706017, -9.104929858949617e-07, -0.050440382212400436, -0.06664285063743591, -0.08091116696596146, -0.08466371893882751, -0.006222253665328026, -0.05857408419251442, -0.08338040858507156, -0.09253937751054764]"
0,1,9,413,405,450,455,446,436,420,354,292,253,216,332,333,341,343,374,178,202,166,133,176,194,298,282,220,166,136,158,111,166,196,154,"[-0.05281208083033562, -0.02536417543888092, -0.02091868966817856, -0.05490385740995407, -0.03873194754123688, -0.017299672588706017, -9.104929858949617e-07, -0.050440382212400436, -0.06664285063743591, -0.08091116696596146, -0.08466371893882751, -0.006222253665328026, -0.05857408419251442, -0.08338040858507156, -0.09253937751054764, -0.001867863116785884]"
0,1,10,405,450,455,446,436,420,354,292,253,216,332,333,341,343,374,375,202,166,133,176,194,298,282,220,166,136,158,111,166,196,154,114,"[-0.02536417543888092, -0.02091868966817856, -0.05490385740995407, -0.03873194754123688, -0.017299672588706017, -9.104929858949617e-07, -0.050440382212400436, -0.06664285063743591, -0.08091116696596146, -0.08466371893882751, -0.006222253665328026, -0.05857408419251442, -0.08338040858507156, -0.09253937751054764, -0.001867863116785884, -0.059209227561950684]"
0,1,11,450,455,446,436,420,354,292,253,216,332,333,341,343,374,375,376,166,133,176,194,298,282,220,166,136,158,111,166,196,154,114,185,"[-0.02091868966817856, -0.05490385740995407, -0.03873194754123688, -0.017299672588706017, -9.104929858949617e-07, -0.050440382212400436, -0.06664285063743591, -0.08091116696596146, -0.08466371893882751, -0.006222253665328026, -0.05857408419251442, -0.08338040858507156, -0.09253937751054764, -0.001867863116785884, -0.059209227561950684, -0.07008234411478043]"
0,1,12,455,446,436,420,354,292,253,216,332,333,341,343,374,375,376,372,133,176,194,298,282,220,166,136,158,111,166,196,154,114,185,204,"[-0.05490385740995407, -0.03873194754123688, -0.017299672588706017, -9.104929858949617e-07, -0.050440382212400436, -0.06664285063743591, -0.08091116696596146, -0.08466371893882751, -0.006222253665328026, -0.05857408419251442, -0.08338040858507156, -0.09253937751054764, -0.001867863116785884, -0.059209227561950684, -0.07008234411478043, -0.06367761641740799]"
0,1,13,446,436,420,354,292,253,216,332,333,341,343,374,375,376,372,413,176,194,298,282,220,166,136,158,111,166,196,154,114,185,204,157,"[-0.03873194754123688, -0.017299672588706017, -9.104929858949617e-07, -0.050440382212400436, -0.06664285063743591, -0.08091116696596146, -0.08466371893882751, -0.006222253665328026, -0.05857408419251442, -0.08338040858507156, -0.09253937751054764, -0.001867863116785884, -0.059209227561950684, -0.07008234411478043, -0.06367761641740799, -0.0094675924628973]"
0,1,14,436,420,354,292,253,216,332,333,341,343,374,375,376,372,413,417,194,298,282,220,166,136,158,111,166,196,154,114,185,204,157,113,"[-0.017299672588706017, -9.104929858949617e-07, -0.050440382212400436, -0.06664285063743591, -0.08091116696596146, -0.08466371893882751, -0.006222253665328026, -0.05857408419251442, -0.08338040858507156, -0.09253937751054764, -0.001867863116785884, -0.059209227561950684, -0.07008234411478043, -0.06367761641740799, -0.0094675924628973, -0.0696726143360138]"
0,1,15,420,354,292,253,216,332,333,341,343,374,375,376,372,413,417,412,298,282,220,166,136,158,111,166,196,154,114,185,204,157,113,178,"[-9.104929858949617e-07, -0.050440382212400436, -0.06664285063743591, -0.08091116696596146, -0.08466371893882751, -0.006222253665328026, -0.05857408419251442, -0.08338040858507156, -0.09253937751054764, -0.001867863116785884, -0.059209227561950684, -0.07008234411478043, -0.06367761641740799, -0.0094675924628973, -0.0696726143360138, -0.05243319272994995]"
0,1,16,354,292,253,216,332,333,341,343,374,375,376,372,413,417,412,404,282,220,166,136,158,111,166,196,154,114,185,204,157,113,178,201,"[-0.050440382212400436, -0.06664285063743591, -0.08091116696596146, -0.08466371893882751, -0.006222253665328026, -0.05857408419251442, -0.08338040858507156, -0.09253937751054764, -0.001867863116785884, -0.059209227561950684, -0.07008234411478043, -0.06367761641740799, -0.0094675924628973, -0.0696726143360138, -0.05243319272994995, -0.02470213547348976]"
0,1,17,292,253,216,332,333,341,343,374,375,376,372,413,417,412,404,450,220,166,136,158,111,166,196,154,114,185,204,157,113,178,201,165,"[-0.06664285063743591, -0.08091116696596146, -0.08466371893882751, -0.006222253665328026, -0.05857408419251442, -0.08338040858507156, -0.09253937751054764, -0.001867863116785884, -0.059209227561950684, -0.07008234411478043, -0.06367761641740799, -0.0094675924628973, -0.0696726143360138, -0.05243319272994995, -0.02470213547348976, -0.021210456266999245]"
0,1,18,253,216,332,333,341,343,374,375,376,372,413,417,412,404,450,455,166,136,158,111,166,196,154,114,185,204,157,113,178,201,165,132,"[-0.08091116696596146, -0.08466371893882751, -0.006222253665328026, -0.05857408419251442, -0.08338040858507156, -0.09253937751054764, -0.001867863116785884, -0.059209227561950684, -0.07008234411478043, -0.06367761641740799, -0.0094675924628973, -0.0696726143360138, -0.05243319272994995, -0.02470213547348976, -0.021210456266999245, -0.05573052912950516]"
0,1,19,216,332,333,341,343,374,375,376,372,413,417,412,404,450,455,445,136,158,111,166,196,154,114,185,204,157,113,178,201,165,132,176,"[-0.08466371893882751, -0.006222253665328026, -0.05857408419251442, -0.08338040858507156, -0.09253937751054764, -0.001867863116785884, -0.059209227561950684, -0.07008234411478043, -0.06367761641740799, -0.0094675924628973, -0.0696726143360138, -0.05243319272994995, -0.02470213547348976, -0.021210456266999245, -0.05573052912950516, -0.039865948259830475]"
0,1,20,332,333,341,343,374,375,376,372,413,417,412,404,450,455,445,435,158,111,166,196,154,114,185,204,157,113,178,201,165,132,176,194,"[-0.006222253665328026, -0.05857408419251442, -0.08338040858507156, -0.09253937751054764, -0.001867863116785884, -0.059209227561950684, -0.07008234411478043, -0.06367761641740799, -0.0094675924628973, -0.0696726143360138, -0.05243319272994995, -0.02470213547348976, -0.021210456266999245, -0.05573052912950516, -0.039865948259830475, -0.01851341314613819]"
